Series Name,Series Code,Country Name,Country Code,1990 [YR1990],2000 [YR2000],2011 [YR2011],2012 [YR2012],2013 [YR2013],2014 [YR2014],2015 [YR2015],2016 [YR2016],2017 [YR2017],2018 [YR2018],2019 [YR2019]
GDP (current US$),NY.GDP.MKTP.CD,Afghanistan,AFG,..,..,17804292964,20001598506,20561069558,20484885120,19907111419,18017749074,18869945678,18353881130,19291104008
GDP (current US$),NY.GDP.MKTP.CD,Albania,ALB,2028553750,3480355189,12890765324,12319830252,12776217195,13228144008,11386846319,11861200797,13019693451,15147020535,15279183290
GDP (current US$),NY.GDP.MKTP.CD,Algeria,DZA,62045099643,54790233856,2.00254E+11,2.09021E+11,2.09724E+11,2.1386E+11,1.66361E+11,1.59995E+11,1.70163E+11,1.75406E+11,1.71091E+11
GDP (current US$),NY.GDP.MKTP.CD,American Samoa,ASM,..,..,574000000,644000000,641000000,642000000,661000000,652000000,602000000,636000000,..
GDP (current US$),NY.GDP.MKTP.CD,Andorra,AND,1029048482,1429049198,3629203786,3188808943,3193704343,3271808157,2789870188,2896679212,3000180750,3218316013,3154057987
GDP (current US$),NY.GDP.MKTP.CD,Angola,AGO,11228764963,9129594819,1.1179E+11,1.28053E+11,1.3671E+11,1.45712E+11,1.16194E+11,1.01124E+11,1.22124E+11,1.01353E+11,88815697793
GDP (current US$),NY.GDP.MKTP.CD,Antigua and Barbuda,ATG,459470370.4,826370370.4,1137637037,1199948148,1181448148,1249733333,1336692593,1436585185,1467977778,1605351852,1661962963
GDP (current US$),NY.GDP.MKTP.CD,Argentina,ARG,1.41352E+11,2.84204E+11,5.30163E+11,5.45982E+11,5.52025E+11,5.2632E+11,5.94749E+11,5.57531E+11,6.43629E+11,5.17627E+11,4.45445E+11
GDP (current US$),NY.GDP.MKTP.CD,Armenia,ARM,2256838858,1911563665,10142111334,10619320049,11121465767,11609512940,10553337673,10546135160,11527458566,12457941907,13672802158
GDP (current US$),NY.GDP.MKTP.CD,Aruba,ABW,764887117.2,1873452514,2549720670,2534636872,2701675978,2765363128,2919553073,2965921788,3056424581,..,..
GDP (current US$),NY.GDP.MKTP.CD,Australia,AUS,3.10781E+11,4.15223E+11,1.39665E+12,1.54615E+12,1.57618E+12,1.46748E+12,1.35169E+12,1.20885E+12,1.32919E+12,1.43288E+12,1.39657E+12
GDP (current US$),NY.GDP.MKTP.CD,Austria,AUT,1.66463E+11,1.968E+11,4.3112E+11,4.09425E+11,4.30069E+11,4.41996E+11,3.81818E+11,3.95569E+11,4.17238E+11,4.55095E+11,4.45075E+11
GDP (current US$),NY.GDP.MKTP.CD,Azerbaijan,AZE,8858006036,5272617196,65951627200,69683935845,74164435946,75244294275,53074370486,37867518957,40865558912,47112941176,48047647059
GDP (current US$),NY.GDP.MKTP.CD,"Bahamas, The",BHS,3166000000,8076470000,10070450000,10720500000,10568400000,11111600000,11710800000,11928500000,12490700000,13022100000,13578800000
GDP (current US$),NY.GDP.MKTP.CD,Bahrain,BHR,4229787234,9062898936,28776595745,30749308511,32539468085,33387712766,31050638298,32234973404,35473776596,37652500000,38574069149
GDP (current US$),NY.GDP.MKTP.CD,Bangladesh,BGD,31598341234,53369787319,1.28638E+11,1.33356E+11,1.4999E+11,1.72885E+11,1.95079E+11,2.21415E+11,2.49711E+11,2.74039E+11,3.02571E+11
GDP (current US$),NY.GDP.MKTP.CD,Barbados,BRB,2012131457,3059500000,4657500000,4610000000,4677000000,4696500000,4715000000,4830000000,4978000000,5086500000,5209000000
GDP (current US$),NY.GDP.MKTP.CD,Belarus,BLR,21650000000,12736856828,61757788945,65685102555,75527984234,78813839984,56454734397,47722657821,54726595249,60031262269,63080457023
GDP (current US$),NY.GDP.MKTP.CD,Belgium,BEL,2.05332E+11,2.36205E+11,5.22646E+11,4.96181E+11,5.21643E+11,5.34678E+11,4.6215E+11,4.7574E+11,5.02698E+11,5.43734E+11,5.33097E+11
GDP (current US$),NY.GDP.MKTP.CD,Belize,BLZ,412086445.5,832050000,1460800000,1522900000,1579400000,1662800000,1723800000,1775100000,1836600000,1871200000,1879613600
GDP (current US$),NY.GDP.MKTP.CD,Benin,BEN,1959965244,3511248900,10693321954,11141358945,12517845732,13284528654,11388160958,11821066153,12701656931,14250985959,14390709095
GDP (current US$),NY.GDP.MKTP.CD,Bermuda,BMU,1592400000,3480219000,6312691000,6378188000,6465756000,6413988000,6654541000,6899911000,7142316000,7224329000,7484113000
GDP (current US$),NY.GDP.MKTP.CD,Bhutan,BTN,299787275.8,424464089.9,1777101317,1781281282,1756215665,1907090813,2003598213,2158972129,2450364928,2446866405,2530547158
GDP (current US$),NY.GDP.MKTP.CD,Bolivia,BOL,4867582620,8397912509,23963033431,27084497483,30659338880,32996188013,33000198248,33941126200,37508642165,40287647930,40895322844
GDP (current US$),NY.GDP.MKTP.CD,Bosnia and Herzegovina,BIH,..,5505887894,18644723861,17226849297,18178503835,18558343508,16211541820,16913330694,18080118128,20183510561,20164193807
GDP (current US$),NY.GDP.MKTP.CD,Botswana,BWA,3790567052,5788329609,15351972361,14380004175,14901750991,16250781587,14420593484,15646354089,17405588070,18663265549,18340480936
GDP (current US$),NY.GDP.MKTP.CD,Brazil,BRA,4.61952E+11,6.55421E+11,2.6162E+12,2.46519E+12,2.47281E+12,2.45599E+12,1.80221E+12,1.7957E+12,2.06283E+12,1.88548E+12,1.83976E+12
GDP (current US$),NY.GDP.MKTP.CD,British Virgin Islands,VGB,..,..,..,..,..,..,..,..,..,..,..
GDP (current US$),NY.GDP.MKTP.CD,Brunei Darussalam,BRN,3520551724,6001153306,18525319978,19047940301,18093829923,17098342541,12930394938,11400854268,12128104859,13567351175,13469422959
GDP (current US$),NY.GDP.MKTP.CD,Bulgaria,BGR,20632090909,13245833844,57386216850,54033250329,55615397666,56901994980,50647442757,53806894796,58971520599,66230155100,68558815112
GDP (current US$),NY.GDP.MKTP.CD,Burkina Faso,BFA,3101301781,2956746304,12080296644,12561016091,13444301139,13943016924,11832159276,12833363370,14106956830,16059910871,15990803570
GDP (current US$),NY.GDP.MKTP.CD,Burundi,BDI,1132101253,870486065.9,2235820868,2333308099,2451625333,2705783272,3104394858,2959640987,3172292379,3036931818,3012334882
GDP (current US$),NY.GDP.MKTP.CD,Cabo Verde,CPV,306891107.3,539227277.6,1865915544,1741809809,1850470042,1859898513,1596800287,1662998678,1769787215,1966983317,1981845740
GDP (current US$),NY.GDP.MKTP.CD,Cambodia,KHM,..,3677897739,12829541141,14054443213,15227991395,16702610842,18049954289,20016747754,22177200512,24571753583,27089389787
GDP (current US$),NY.GDP.MKTP.CD,Cameroon,CMR,11151578051,10083937740,29375448542,29102772799,32357345501,34989493826,30928653814,32643697596,35009262788,38694156863,39007354359
GDP (current US$),NY.GDP.MKTP.CD,Canada,CAN,5.9393E+11,7.42295E+11,1.78865E+12,1.82869E+12,1.84721E+12,1.80353E+12,1.55613E+12,1.52824E+12,1.64988E+12,1.71626E+12,1.73643E+12
GDP (current US$),NY.GDP.MKTP.CD,Cayman Islands,CYM,..,..,4186223865,4291158968,4405954696,4563017852,4708336756,4909498943,5153091158,5517361238,..
GDP (current US$),NY.GDP.MKTP.CD,Central African Republic,CAF,1440711396,914500299.1,2437982840,2510126699,1691544192,1894813505,1695825708,1825018191,2072350151,2220978978,2220307369
GDP (current US$),NY.GDP.MKTP.CD,Chad,TCD,1738605558,1385058162,12172309523,12367363678,12953535496,13940768066,10950392220,10097778354,10000395242,11239167048,11314951343
GDP (current US$),NY.GDP.MKTP.CD,Channel Islands,CHI,..,6439703435,..,..,..,..,..,..,..,..,..
GDP (current US$),NY.GDP.MKTP.CD,Chile,CHL,33113887818,77860932152,2.52252E+11,2.67122E+11,2.78384E+11,2.60542E+11,2.43919E+11,2.5044E+11,2.77045E+11,2.98258E+11,2.82318E+11
GDP (current US$),NY.GDP.MKTP.CD,China,CHN,3.60858E+11,1.21135E+12,7.5515E+12,8.53223E+12,9.57041E+12,1.04757E+13,1.10616E+13,1.12333E+13,1.23104E+13,1.38948E+13,1.43429E+13
GDP (current US$),NY.GDP.MKTP.CD,Colombia,COL,47844090710,99886577331,3.34944E+11,3.70921E+11,3.82116E+11,3.81112E+11,2.93482E+11,2.82825E+11,3.11884E+11,3.33569E+11,3.23616E+11
GDP (current US$),NY.GDP.MKTP.CD,Comoros,COM,429622147.7,350264287.7,1023086184,1015843369,1116224161,1149587652,966029542,1012835518,1077439663,1178530758,1165839927
GDP (current US$),NY.GDP.MKTP.CD,"Congo, Dem. Rep.",COD,9349764580,19088046306,25839749199,29306235826,32679745298,35909040266,37917704900,37134799975,38019265626,46831342213,50400746171
GDP (current US$),NY.GDP.MKTP.CD,"Congo, Rep.",COG,2798746051,3219910550,15655384440,17692912613,17958721572,17783526318,11953249530,10335424288,11198674674,13518403447,12267392147
GDP (current US$),NY.GDP.MKTP.CD,Costa Rica,CRI,5711687787,14949514493,42262697840,46473128286,49745088112,50577769838,54775994479,57157992434,58481858043,60553901420,61801385049
GDP (current US$),NY.GDP.MKTP.CD,Cote d'Ivoire,CIV,10795850107,10717022463,25414875503,26789047555,31273074528,35363533866,45814637971,47964234560,51588158718,58011466451,58539424930
GDP (current US$),NY.GDP.MKTP.CD,Croatia,HRV,..,21633671681,62537851352,56580819624,58194069434,57639588806,49525747504,51601147666,55481644098,61375222347,60752588976
GDP (current US$),NY.GDP.MKTP.CD,Cuba,CUB,28645436569,30565400000,68990000000,73141000000,77148000000,80656000000,87133000000,91370000000,96851000000,1.00023E+11,..
GDP (current US$),NY.GDP.MKTP.CD,Curacao,CUW,..,..,3038699609,3131096089,3147616201,3158406034,3151910782,3122287933,3116610112,3127908045,3101787709
GDP (current US$),NY.GDP.MKTP.CD,Cyprus,CYP,5591130218,9985844486,27565469098,24978513427,23900872626,23156850007,19842404305,20953442550,22729184365,25309818139,24948935408
GDP (current US$),NY.GDP.MKTP.CD,Czech Republic,CZE,40728950705,61828166496,2.29563E+11,2.08858E+11,2.11686E+11,2.09359E+11,1.88033E+11,1.96272E+11,2.18629E+11,2.48909E+11,2.50681E+11
GDP (current US$),NY.GDP.MKTP.CD,Denmark,DNK,1.38247E+11,1.64159E+11,3.44003E+11,3.27149E+11,3.43584E+11,3.52994E+11,3.02673E+11,3.13116E+11,3.32121E+11,3.56879E+11,3.50104E+11
GDP (current US$),NY.GDP.MKTP.CD,Djibouti,DJI,452328087.3,551230861.9,1239144502,1353632942,2042817163,2214681574,2430287967,2603554907,2751461056,3012820410,3324634256
GDP (current US$),NY.GDP.MKTP.CD,Dominica,DMA,201428730,333468888.9,501025925.9,485996296.3,498296296.3,520207407.4,540737037,576229629.6,519837037,551074074.1,582403703.7
GDP (current US$),NY.GDP.MKTP.CD,Dominican Republic,DOM,7073675545,24305116729,58029750744,60681537195,62682163838,67179914026,71164825258,75704720190,79997975623,85555378044,88941299734
GDP (current US$),NY.GDP.MKTP.CD,Ecuador,ECU,15239278100,18327764882,79276664000,87924544000,95129659000,1.01726E+11,99290381000,99937696000,1.04296E+11,1.07562E+11,1.07436E+11
GDP (current US$),NY.GDP.MKTP.CD,"Egypt, Arab Rep.",EGY,42978914311,99838543960,2.3599E+11,2.79117E+11,2.88434E+11,3.05595E+11,3.29367E+11,3.32442E+11,2.35734E+11,2.49713E+11,3.03092E+11
GDP (current US$),NY.GDP.MKTP.CD,El Salvador,SLV,4817542204,11784927700,20283790000,21386140000,21990970000,22593480000,23438240000,24191440000,24979200000,26117400000,27022640000
GDP (current US$),NY.GDP.MKTP.CD,Equatorial Guinea,GNQ,112119406.5,1045998496,21357344847,22388345810,21948835350,21765454404,13185496836,11240809132,12200914930,13278488567,11026774945
GDP (current US$),NY.GDP.MKTP.CD,Eritrea,ERI,..,706370815.6,2065001626,..,..,..,..,..,..,..,..
GDP (current US$),NY.GDP.MKTP.CD,Estonia,EST,..,5694069842,23391530006,23192708982,25271406708,26773473625,23048864243,24259552889,26951648829,30631142227,31471100656
GDP (current US$),NY.GDP.MKTP.CD,Eswatini,SWZ,1114703088,1738100853,4820499497,4886658806,4597702903,4422304975,4062660890,3816018485,4402973000,4665424249,4471598727
GDP (current US$),NY.GDP.MKTP.CD,Ethiopia,ETH,12175166763,8242392104,31952763089,43310721414,47648211133,55612228234,64589334979,74296618481,81770791971,84269348327,95912590628
GDP (current US$),NY.GDP.MKTP.CD,Faroe Islands,FRO,..,1058702725,2490807831,2366301252,2627049837,2850743875,2518096286,2738832687,2905102304,3116887847,..
GDP (current US$),NY.GDP.MKTP.CD,Fiji,FJI,1337024782,1684109743,3774530616,3972012571,4190143206,4856963252,4682546881,4930204220,5353404419,5581393121,5496250694
GDP (current US$),NY.GDP.MKTP.CD,Finland,FIN,1.41438E+11,1.25707E+11,2.75244E+11,2.58305E+11,2.71285E+11,2.74497E+11,2.3444E+11,2.40608E+11,2.55232E+11,2.75947E+11,2.69296E+11
GDP (current US$),NY.GDP.MKTP.CD,France,FRA,1.26918E+12,1.36225E+12,2.86141E+12,2.68383E+12,2.81108E+12,2.85217E+12,2.43821E+12,2.47129E+12,2.59515E+12,2.78786E+12,2.71552E+12
GDP (current US$),NY.GDP.MKTP.CD,French Polynesia,PYF,3181206305,3447543138,..,..,..,..,..,..,..,..,..
GDP (current US$),NY.GDP.MKTP.CD,Gabon,GAB,5952293766,5067865321,18210308748,17170465294,17595745653,18203968002,14383107714,14023890620,14929488771,16862282414,16874450215
GDP (current US$),NY.GDP.MKTP.CD,"Gambia, The",GMB,317083373.5,782915402.4,1409694554,1415006238,1375608956,1229460602,1378176868,1484579844,1504909753,1670670669,1826073740
GDP (current US$),NY.GDP.MKTP.CD,Georgia,GEO,7753501868,3057475289,15107441447,16488403076,17189551521,17627003455,14953950557,15141758567,16242916916,17599700091,17477255546
GDP (current US$),NY.GDP.MKTP.CD,Germany,DEU,1.77167E+12,1.94315E+12,3.74441E+12,3.52734E+12,3.73274E+12,3.88392E+12,3.35624E+12,3.4675E+12,3.6826E+12,3.96377E+12,3.86112E+12
GDP (current US$),NY.GDP.MKTP.CD,Ghana,GHA,5889174825,4983024408,39337314810,41270954737,62405374786,53660342160,48564863888,55009730600,58998132330,65556464048,66983634224
GDP (current US$),NY.GDP.MKTP.CD,Gibraltar,GIB,..,..,..,..,..,..,..,..,..,..,..
GDP (current US$),NY.GDP.MKTP.CD,Greece,GRC,97891092003,1.30134E+11,2.87798E+11,2.45671E+11,2.39862E+11,2.3703E+11,1.96591E+11,1.95222E+11,2.03588E+11,2.18138E+11,2.09853E+11
GDP (current US$),NY.GDP.MKTP.CD,Greenland,GRL,1018970365,1068030830,2684467376,2609667674,2684952727,2842048998,2499115623,2707146783,2826651926,3051626390,..
GDP (current US$),NY.GDP.MKTP.CD,Grenada,GRD,278098763,520044370.4,778655925.9,799882259.3,842620111.1,911497407.4,997007925.9,1061631222,1125685185,1168696296,1210603704
GDP (current US$),NY.GDP.MKTP.CD,Guam,GUM,..,..,4928000000,5199000000,5336000000,5538000000,5710000000,5795000000,5851000000,5920000000,..
GDP (current US$),NY.GDP.MKTP.CD,Guatemala,GTM,7650125217,19288827159,47654783852,50388460925,52996540576,57852399705,62186186576,66053725049,71612352645,73118147941,76710355347
GDP (current US$),NY.GDP.MKTP.CD,Guinea,GIN,2666616177,2995360969,6785137173,7638045254,8376613843,8778473615,8794202444,8595955581,10324668267,10907214994,12296665331
GDP (current US$),NY.GDP.MKTP.CD,Guinea-Bissau,GNB,243961995.5,370173838.7,1099818652,989271229.6,1046087418,1054915645,1048229629,1179004941,1350177128,1458868242,1339449165
GDP (current US$),NY.GDP.MKTP.CD,Guyana,GUY,396582263.3,712667896.7,3691384743,4063090016,4167801803,4127664336,4279840362,4482697337,4748174334,4787635821,5173759528
GDP (current US$),NY.GDP.MKTP.CD,Haiti,HTI,3096289800,6868666120,13008748132,13708931890,14498080023,14790765760,14857386164,13723267961,14213814583,15965670198,14332163266
GDP (current US$),NY.GDP.MKTP.CD,Honduras,HND,4923009552,7103507989,17710315006,18528601901,18499710128,19756494435,20979767785,21717622071,23136232230,24024189736,25095395475
GDP (current US$),NY.GDP.MKTP.CD,"Hong Kong SAR, China",HKG,76928290842,1.71668E+11,2.48514E+11,2.62629E+11,2.75697E+11,2.91459E+11,3.09384E+11,3.20838E+11,3.41244E+11,3.61697E+11,3.65712E+11
GDP (current US$),NY.GDP.MKTP.CD,Hungary,HUN,..,47218405892,1.4176E+11,1.28475E+11,1.35412E+11,1.40765E+11,1.25074E+11,1.28471E+11,1.42962E+11,1.60419E+11,1.63469E+11
GDP (current US$),NY.GDP.MKTP.CD,Iceland,ISL,6478459744,9003639603,15158548263,14724078148,16033517403,17758050016,17389101639,20618363252,24488176541,25737594324,24188038474
GDP (current US$),NY.GDP.MKTP.CD,India,IND,3.20979E+11,4.68395E+11,1.82305E+12,1.82764E+12,1.85672E+12,2.03913E+12,2.10359E+12,2.2948E+12,2.65275E+12,2.71317E+12,2.86893E+12
GDP (current US$),NY.GDP.MKTP.CD,Indonesia,IDN,1.06141E+11,1.65021E+11,8.92969E+11,9.1787E+11,9.12524E+11,8.90815E+11,8.60854E+11,9.31877E+11,1.01562E+12,1.04224E+12,1.11919E+12
GDP (current US$),NY.GDP.MKTP.CD,"Iran, Islamic Rep.",IRN,1.24813E+11,1.09592E+11,5.80765E+11,5.98868E+11,4.60293E+11,4.32687E+11,3.84951E+11,4.17984E+11,4.45345E+11,4.53996E+11,..
GDP (current US$),NY.GDP.MKTP.CD,Iraq,IRQ,1.79886E+11,..,1.8547E+11,2.17808E+11,2.34648E+11,2.34648E+11,1.77499E+11,1.74896E+11,1.95473E+11,2.24228E+11,2.34094E+11
GDP (current US$),NY.GDP.MKTP.CD,Ireland,IRL,49364680214,99852958356,2.37472E+11,2.24999E+11,2.38544E+11,2.58472E+11,2.915E+11,3.00523E+11,3.35663E+11,3.82674E+11,3.88699E+11
GDP (current US$),NY.GDP.MKTP.CD,Isle of Man,IMN,..,1563667800,6566098382,6690725118,7000748788,7708834951,7085288006,6846691871,6979581725,7491969313,..
GDP (current US$),NY.GDP.MKTP.CD,Israel,ISR,59217144629,1.32343E+11,2.61469E+11,2.5718E+11,2.92636E+11,3.09558E+11,2.99813E+11,3.18951E+11,3.53253E+11,3.70588E+11,3.94652E+11
GDP (current US$),NY.GDP.MKTP.CD,Italy,ITA,1.18122E+12,1.14383E+12,2.29199E+12,2.08708E+12,2.14132E+12,2.15913E+12,1.8359E+12,1.8758E+12,1.9618E+12,2.09154E+12,2.00358E+12
GDP (current US$),NY.GDP.MKTP.CD,Jamaica,JAM,4592224067,8985352832,14444655300,14807086889,14262589158,13897804560,14187696311,14075894320,14806340821,15713908816,16458071068
GDP (current US$),NY.GDP.MKTP.CD,Japan,JPN,3.13282E+12,4.88752E+12,6.15746E+12,6.20321E+12,5.15572E+12,4.85041E+12,4.38948E+12,4.92254E+12,4.86686E+12,4.95481E+12,5.08177E+12
GDP (current US$),NY.GDP.MKTP.CD,Jordan,JOR,4160003917,8460424401,29524149165,31634561670,34454440181,36847643587,38587017944,39892551149,41408960787,42932112676,44502895862
GDP (current US$),NY.GDP.MKTP.CD,Kazakhstan,KAZ,26932728899,18291990619,1.92627E+11,2.07999E+11,2.36635E+11,2.21416E+11,1.84388E+11,1.37278E+11,1.66806E+11,1.7934E+11,1.81666E+11
GDP (current US$),NY.GDP.MKTP.CD,Kenya,KEN,8572359163,12705357103,41953433591,50412754861,55096728048,61448046802,64007750169,69188755364,78965004656,87778582964,95503088538
GDP (current US$),NY.GDP.MKTP.CD,Kiribati,KIR,39809538.68,67254174.4,181705002.6,190243321.6,185113921.6,179703443.3,171117872.4,178328873,187276210.9,196737896,194647201.9
GDP (current US$),NY.GDP.MKTP.CD,"Korea, Dem. People’s Rep.",PRK,..,..,..,..,..,..,..,..,..,..,..
GDP (current US$),NY.GDP.MKTP.CD,"Korea, Rep.",KOR,2.83368E+11,5.76178E+11,1.25322E+12,1.27843E+12,1.3708E+12,1.48432E+12,1.46577E+12,1.50011E+12,1.6239E+12,1.72485E+12,1.64674E+12
GDP (current US$),NY.GDP.MKTP.CD,Kosovo,XKX,..,1849196082,6701698218,6499807272,7074777527,7396705195,6442915788,6719172017,7245707185,7942961738,7926133714
GDP (current US$),NY.GDP.MKTP.CD,Kuwait,KWT,18427777778,37712842243,1.54068E+11,1.7407E+11,1.74161E+11,1.62631E+11,1.14567E+11,1.0942E+11,1.20707E+11,1.40645E+11,1.34629E+11
GDP (current US$),NY.GDP.MKTP.CD,Kyrgyz Republic,KGZ,2675000000,1369688498,6197766119,6605139933,7335027592,7468096567,6678178340,6813092066,7702934800,8271108638,8454619608
GDP (current US$),NY.GDP.MKTP.CD,Lao PDR,LAO,865559856.2,1731198022,8749241114,10191350120,11942230508,13268458232,14390442307,15805692546,16853087485,17953786416,18173839147
GDP (current US$),NY.GDP.MKTP.CD,Latvia,LVA,..,7949253766,28619991392,28330632929,30432796306,31329367173,27239653844,28052325862,30458763246,34416012859,34102913582
GDP (current US$),NY.GDP.MKTP.CD,Lebanon,LBN,2838485354,17260364842,39927125961,44035991746,46909335135,48134486625,49939374833,51205122504,53140638269,54961275742,51991634492
GDP (current US$),NY.GDP.MKTP.CD,Lesotho,LSO,596415104.5,887295267.9,2622336148,2526185314,2421470018,2499803984,2372280103,2165408359,2405289384,2575892262,2376328637
GDP (current US$),NY.GDP.MKTP.CD,Liberia,LBR,..,874000000,2398000000,2721000000,3067000000,3144000000,3177000000,3277826000,3285455000,3264000000,3070518100
GDP (current US$),NY.GDP.MKTP.CD,Libya,LBY,28901836158,38270206950,34699395524,81873662519,65502870174,41142722414,27842131480,26197143268,37883243650,52607888718,52091152228
GDP (current US$),NY.GDP.MKTP.CD,Liechtenstein,LIE,1421466240,2483953103,5739977477,5456009385,6391735894,6657170923,6268391521,6237264055,6552858739,6876981286,..
GDP (current US$),NY.GDP.MKTP.CD,Lithuania,LTU,..,11524776867,43582248870,42943442158,46514471182,48574531942,41418872976,43018087238,47758736932,53722883091,54627411860
GDP (current US$),NY.GDP.MKTP.CD,Luxembourg,LUX,13229247948,21263514833,60004630234,56677961787,61739352212,66103853237,57744457955,60691483443,64181944723,70919958016,71104919108
GDP (current US$),NY.GDP.MKTP.CD,"Macao SAR, China",MAC,3220920085,6720492406,36709860068,43031577366,51552075902,55347998648,45361678147,45387299721,50751059058,55084050790,53859116536
GDP (current US$),NY.GDP.MKTP.CD,Madagascar,MDG,3931334871,4629247091,11551821062,11578978053,12423557907,12522959157,11323023787,11848615018,13176313233,13853433948,14114631281
GDP (current US$),NY.GDP.MKTP.CD,Malawi,MWI,1880771556,1743506531,8004000737,6028487929,5518880769,6047813437,6373212641,5433040160,6303292264,6917301909,7666704427
GDP (current US$),NY.GDP.MKTP.CD,Malaysia,MYS,44024178343,93789736842,2.97952E+11,3.14443E+11,3.23277E+11,3.38062E+11,3.01355E+11,3.01255E+11,3.19112E+11,3.58715E+11,3.64681E+11
GDP (current US$),NY.GDP.MKTP.CD,Maldives,MDV,215089005.2,624337145.3,2774351760,2886170572,3295011382,3697351594,4109447297,4379115588,4754352301,5299773145,5642179170
GDP (current US$),NY.GDP.MKTP.CD,Mali,MLI,2681912030,2954129566,12995074801,12441946098,13242680705,14364859446,13104802016,14025944550,15365627045,17070758732,17279566719
GDP (current US$),NY.GDP.MKTP.CD,Malta,MLT,2547163582,4069515557,9638916472,9462238257,10551661220,11626281450,11091434435,11665231192,13146963159,14750790658,14989415684
GDP (current US$),NY.GDP.MKTP.CD,Marshall Islands,MHL,78476000,115347500,174332100,182874800,187707400,184689500,184599600,200558400,212881000,221278000,..
GDP (current US$),NY.GDP.MKTP.CD,Mauritania,MRT,1506914408,1779521110,6764635687,6728208836,7223063170,6592537782,6166857629,6398744505,6758390729,7049169771,7600656944
GDP (current US$),NY.GDP.MKTP.CD,Mauritius,MUS,2653480001,4663313620,11518393367,11668685524,12129642296,12803445934,11692287066,12232463656,13259351418,14181951059,14048430519
GDP (current US$),NY.GDP.MKTP.CD,Mexico,MEX,2.61254E+11,7.07907E+11,1.18049E+12,1.20109E+12,1.27444E+12,1.31535E+12,1.17187E+12,1.07849E+12,1.15891E+12,1.22235E+12,1.26887E+12
GDP (current US$),NY.GDP.MKTP.CD,"Micronesia, Fed. Sts.",FSM,147200000,233271800,311301600,327248700,317214400,319271200,316489900,332265200,366666800,401932300,..
GDP (current US$),NY.GDP.MKTP.CD,Moldova,MDA,..,1288429392,8414360656,8709165249,9496684701,9510219299,7745231660,8071480541,9669759987,11456717193,11968713370
GDP (current US$),NY.GDP.MKTP.CD,Monaco,MCO,2481316054,2647883816,6088808463,5743029680,6555983530,7069616049,6261622101,6472990923,6431314957,7188238073,..
GDP (current US$),NY.GDP.MKTP.CD,Mongolia,MNG,2560785660,1136896124,10409797649,12292770631,12582122604,12226514722,11749620620,11186734674,11425755280,13108769496,13996719329
GDP (current US$),NY.GDP.MKTP.CD,Montenegro,MNE,..,984297589.4,4544575152,4087561650,4464502434,4587741791,4053097851,4373958354,4844606146,5504255214,5542577965
GDP (current US$),NY.GDP.MKTP.CD,Morocco,MAR,30180108562,38857251336,1.0137E+11,98266306615,1.06826E+11,1.10081E+11,1.0118E+11,1.03312E+11,1.09683E+11,1.18096E+11,1.197E+11
GDP (current US$),NY.GDP.MKTP.CD,Mozambique,MOZ,..,5656473652,14381552433,16350804543,16974320551,17716084108,15950969019,11936999283,13219084261,14845870051,15291448212
GDP (current US$),NY.GDP.MKTP.CD,Myanmar,MMR,..,8905066164,59977326086,59937797559,60269734045,65446199788,67822772707,67184236747,68945867478,76168043982,76085852617
GDP (current US$),NY.GDP.MKTP.CD,Namibia,NAM,2785764518,3833993703,12343501808,13041886316,12011207741,12356482989,11272143473,10665634688,12741746524,13454211344,12366528259
GDP (current US$),NY.GDP.MKTP.CD,Nauru,NRU,..,..,66055407.67,96927201.48,98491843.64,104654365.2,86779266.16,100087349,109585941.6,124021393.7,118223430.1
GDP (current US$),NY.GDP.MKTP.CD,Nepal,NPL,3627562403,5494252208,18913574371,18851513891,19271168018,20002968838,21410840909,21185922408,25180583770,29173513476,30641380604
GDP (current US$),NY.GDP.MKTP.CD,Netherlands,NLD,3.18331E+11,4.16443E+11,9.04086E+11,8.38971E+11,8.76924E+11,8.90981E+11,7.65265E+11,7.83528E+11,8.3387E+11,9.14043E+11,9.07051E+11
GDP (current US$),NY.GDP.MKTP.CD,New Caledonia,NCL,2529310104,2682347064,..,..,..,..,..,..,..,..,..
GDP (current US$),NY.GDP.MKTP.CD,New Zealand,NZL,45495129385,52623281957,1.6851E+11,1.76248E+11,1.90846E+11,2.00922E+11,1.77468E+11,1.88224E+11,2.05416E+11,2.07921E+11,2.06929E+11
GDP (current US$),NY.GDP.MKTP.CD,Nicaragua,NIC,1009455484,5107329007,9774262742,10532049077,10982938826,11880434071,12756706583,13286083645,13785909906,13063904770,12520915291
GDP (current US$),NY.GDP.MKTP.CD,Niger,NER,3512356353,2236185390,8772951262,9426913349,10224897935,10862944204,9685577941,10355006770,11189541083,12846952857,12911689659
GDP (current US$),NY.GDP.MKTP.CD,Nigeria,NGA,54035795388,69448756933,4.04994E+11,4.55502E+11,5.08693E+11,5.46676E+11,4.86803E+11,4.0465E+11,3.75746E+11,3.9719E+11,4.4812E+11
GDP (current US$),NY.GDP.MKTP.CD,North Macedonia,MKD,4699646643,3772851420,10494632699,9745251126,10817712139,11362272838,10064515432,10672471861,11307058382,12683073866,12547040499
GDP (current US$),NY.GDP.MKTP.CD,Northern Mariana Islands,MNP,..,..,733000000,751000000,782000000,845000000,931000000,1250000000,1601000000,1323000000,..
GDP (current US$),NY.GDP.MKTP.CD,Norway,NOR,1.19792E+11,1.71247E+11,4.98283E+11,5.09506E+11,5.22762E+11,4.9841E+11,3.85802E+11,3.6882E+11,3.98394E+11,4.34167E+11,4.03336E+11
GDP (current US$),NY.GDP.MKTP.CD,Oman,OMN,11685045514,19507452508,67872692582,76511059936,78555637365,80686854743,68399663322,65480507171,70598026283,79788768969,76331518669
GDP (current US$),NY.GDP.MKTP.CD,Pakistan,PAK,40010423970,82017743416,2.13587E+11,2.24384E+11,2.31219E+11,2.44361E+11,2.70556E+11,2.78655E+11,3.04567E+11,3.14568E+11,2.78222E+11
GDP (current US$),NY.GDP.MKTP.CD,Palau,PLW,..,146297500,196911100,212397800,221117200,241669800,280457700,295065400,286106800,280435700,268354919.4
GDP (current US$),NY.GDP.MKTP.CD,Panama,PAN,6433967000,12304115000,34686200000,40429700000,45600000000,49921500000,54091700000,57907700000,62219000000,65128200000,66800800000
GDP (current US$),NY.GDP.MKTP.CD,Papua New Guinea,PNG,3219730365,3521339699,17984910496,21295659249,21261432775,23210682537,21723531182,20759069105,22742613549,24109509856,24829107011
GDP (current US$),NY.GDP.MKTP.CD,Paraguay,PRY,5812114523,8855705140,33715524704,33283228891,38585317743,40276532541,36164068797,36054281572,39008900332,40384691791,38145288940
GDP (current US$),NY.GDP.MKTP.CD,Peru,PER,26410386669,51744749133,1.71762E+11,1.92649E+11,2.01175E+11,2.00789E+11,1.89805E+11,1.91896E+11,2.11007E+11,2.22045E+11,2.26848E+11
GDP (current US$),NY.GDP.MKTP.CD,Philippines,PHL,44311593756,83670261708,2.34217E+11,2.61921E+11,2.83903E+11,2.97484E+11,3.06446E+11,3.18627E+11,3.28481E+11,3.46842E+11,3.76796E+11
GDP (current US$),NY.GDP.MKTP.CD,Poland,POL,65977749037,1.72219E+11,5.28301E+11,4.98524E+11,5.21016E+11,5.42477E+11,4.77812E+11,4.7263E+11,5.26509E+11,5.87412E+11,5.95858E+11
GDP (current US$),NY.GDP.MKTP.CD,Portugal,PRT,78713860217,1.18311E+11,2.44797E+11,2.16237E+11,2.2637E+11,2.29596E+11,1.99314E+11,2.06286E+11,2.21358E+11,2.42313E+11,2.38785E+11
GDP (current US$),NY.GDP.MKTP.CD,Puerto Rico,PRI,30603919000,61701800000,1.00352E+11,1.01565E+11,1.0245E+11,1.02446E+11,1.03376E+11,1.04337E+11,1.03446E+11,1.0098E+11,1.04989E+11
GDP (current US$),NY.GDP.MKTP.CD,Qatar,QAT,7360439423,17759890110,1.67775E+11,1.86834E+11,1.98728E+11,2.06225E+11,1.6174E+11,1.51732E+11,1.61099E+11,1.83335E+11,1.75838E+11
GDP (current US$),NY.GDP.MKTP.CD,Romania,ROU,38995454545,37253259017,1.83327E+11,1.70636E+11,1.90801E+11,1.99959E+11,1.77729E+11,1.88129E+11,2.11695E+11,2.41457E+11,2.50077E+11
GDP (current US$),NY.GDP.MKTP.CD,Russian Federation,RUS,5.16814E+11,2.5971E+11,2.04593E+12,2.2083E+12,2.29247E+12,2.05924E+12,1.36348E+12,1.27679E+12,1.5742E+12,1.66958E+12,1.69988E+12
GDP (current US$),NY.GDP.MKTP.CD,Rwanda,RWA,2550185618,2068929592,6884889636,7655138385,7819538349,8246166341,8545441361,8697268916,9253098954,9635951160,10354417725
GDP (current US$),NY.GDP.MKTP.CD,Samoa,WSM,125766269.8,269019710.3,737401692.2,760549587.1,770021664,756919917.3,788307330.6,799376439.5,832153612.6,821496064.5,852250191
GDP (current US$),NY.GDP.MKTP.CD,San Marino,SMR,..,1005159388,1813752784,1604779648,1678841812,1673973695,1419394771,1468377272,1528630707,1655300873,..
GDP (current US$),NY.GDP.MKTP.CD,Sao Tome and Principe,STP,..,..,231488665.2,250680453.1,300553785,346527949.8,316065369.9,345495358.4,375614556.4,412261829.6,418637389
GDP (current US$),NY.GDP.MKTP.CD,Saudi Arabia,SAU,1.1763E+11,1.89515E+11,6.71239E+11,7.35975E+11,7.46647E+11,7.5635E+11,6.5427E+11,6.44936E+11,6.88586E+11,7.86522E+11,7.92967E+11
GDP (current US$),NY.GDP.MKTP.CD,Senegal,SEN,7237100724,5924239701,17902207622,17824398469,18965572150,19797254643,17774766636,19040312815,20996564752,23236007428,23578084052
GDP (current US$),NY.GDP.MKTP.CD,Serbia,SRB,..,6875845987,49258136129,43309252921,48394239475,47062206678,39655958843,40692643373,44179055280,50640650221,51475016532
GDP (current US$),NY.GDP.MKTP.CD,Seychelles,SYC,368584758.9,614879764.8,1065826670,1060226126,1328157609,1343007845,1377495054,1426651769,1524486800,1586009000,1703387387
GDP (current US$),NY.GDP.MKTP.CD,Sierra Leone,SLE,649644826.8,635874002.2,2942546781,3801862611,4920343195,5015157816,4218723875,3674794530,3739577973,4085114794,4121733705
GDP (current US$),NY.GDP.MKTP.CD,Singapore,SGP,36144336769,96074477958,2.79351E+11,2.95087E+11,3.07576E+11,3.14851E+11,3.08004E+11,3.18652E+11,3.41863E+11,3.73217E+11,3.72063E+11
GDP (current US$),NY.GDP.MKTP.CD,Sint Maarten (Dutch part),SXM,..,..,936089385.5,985865921.8,1022905028,1245251397,1253072626,1263687151,1191620112,1185474860,..
GDP (current US$),NY.GDP.MKTP.CD,Slovak Republic,SVK,12747380650,29169953013,99122802874,94534730681,98848641555,1.0119E+11,88467555244,89655253976,95494424979,1.05702E+11,1.0508E+11
GDP (current US$),NY.GDP.MKTP.CD,Slovenia,SVN,18198199153,20289627637,51516366655,46580457470,48401896808,49930685013,43090173395,44736333522,48586603448,54161636035,54174227309
GDP (current US$),NY.GDP.MKTP.CD,Solomon Islands,SLB,208003796.3,429169368.6,1049952233,1190994127,1284698922,1335538893,1307061544,1378551118,1483758907,1593964162,1589913622
GDP (current US$),NY.GDP.MKTP.CD,Somalia,SOM,917044228,..,..,..,..,..,..,..,..,..,..
GDP (current US$),NY.GDP.MKTP.CD,South Africa,ZAF,1.15552E+11,1.36361E+11,4.16419E+11,3.96333E+11,3.66829E+11,3.50905E+11,3.17621E+11,2.96357E+11,3.49554E+11,3.68289E+11,3.51432E+11
GDP (current US$),NY.GDP.MKTP.CD,South Sudan,SSD,..,..,14907308933,11931472169,18426469017,13962212847,11997800760,..,..,..,..
GDP (current US$),NY.GDP.MKTP.CD,Spain,ESP,5.36559E+11,5.96878E+11,1.47877E+12,1.32482E+12,1.35476E+12,1.3694E+12,1.19512E+12,1.23208E+12,1.31254E+12,1.42215E+12,1.39349E+12
GDP (current US$),NY.GDP.MKTP.CD,Sri Lanka,LKA,8032551173,16330814180,65292753005,68434409315,74317806538,79356449841,80604080689,82401038710,87428125558,88425889592,84008783756
GDP (current US$),NY.GDP.MKTP.CD,St. Kitts and Nevis,KNA,217259259.3,421473325.2,817759259.3,800414814.8,839774074.1,916566666.7,923155555.6,971166666.7,996944444.4,1010822222,1053244444
GDP (current US$),NY.GDP.MKTP.CD,St. Lucia,LCA,579629629.6,932592592.6,1576988407,1605146778,1664816741,1755130815,1808079889,1865375222,1999090407,2065875074,2122450630
GDP (current US$),NY.GDP.MKTP.CD,St. Martin (French part),MAF,..,..,..,..,..,..,..,..,..,..,..
GDP (current US$),NY.GDP.MKTP.CD,St. Vincent and the Grenadines,VCT,240365262.6,396261370.4,676129629.6,692933333.3,721207407.4,727714814.8,755400000,774429629.6,792177777.8,811300000,824718518.5
GDP (current US$),NY.GDP.MKTP.CD,Sudan,SDN,12408647541,12257418326,57060450038,52766746152,57730380600,64941713057,74294508240,51772232495,45021077955,33128480499,30513456085
GDP (current US$),NY.GDP.MKTP.CD,Suriname,SUR,388400000,947671969.7,4422276622,4980000000,5145757576,5240606061,4787367928,3128953537,3216207914,3464656616,3697371950
GDP (current US$),NY.GDP.MKTP.CD,Sweden,SWE,2.61846E+11,2.62835E+11,5.74094E+11,5.52484E+11,5.86842E+11,5.81964E+11,5.05104E+11,5.15655E+11,5.41019E+11,5.55455E+11,5.30884E+11
GDP (current US$),NY.GDP.MKTP.CD,Switzerland,CHE,2.58067E+11,2.72055E+11,6.9958E+11,6.68044E+11,6.88504E+11,7.09183E+11,6.79832E+11,6.71309E+11,6.7995E+11,7.05141E+11,7.03082E+11
GDP (current US$),NY.GDP.MKTP.CD,Syrian Arab Republic,SYR,12308624284,19325894913,..,..,..,..,..,..,..,..,..
GDP (current US$),NY.GDP.MKTP.CD,Tajikistan,TJK,2629395066,860521119.3,6522732203,7633049792,8448469838,9112544556,7854602392,6952678127,7157865188,7522947810,8116626794
GDP (current US$),NY.GDP.MKTP.CD,Tanzania,TZA,4258743263,13375976354,34657139495,39650530214,45680532614,49964788814,47378599025,49774021003,53320625959,58001200572,63177068175
GDP (current US$),NY.GDP.MKTP.CD,Thailand,THA,85343063966,1.26392E+11,3.70819E+11,3.97558E+11,4.20333E+11,4.07339E+11,4.01296E+11,4.1343E+11,4.56295E+11,5.06514E+11,5.43549E+11
GDP (current US$),NY.GDP.MKTP.CD,Timor-Leste,TLS,..,367087900,1054725400,1147779600,1395524600,1447311400,1594410800,1650608600,1599338100,1559894900,2017924900
GDP (current US$),NY.GDP.MKTP.CD,Togo,TGO,1628427515,1488185772,3872459250,3873308389,4321655656,4574986537,4180866177,4486979198,4819949975,5364369026,5490272413
GDP (current US$),NY.GDP.MKTP.CD,Tonga,TON,113563821.6,204849594.9,414523388.5,470714083.4,450643615.2,439878828,437006227.2,420540178.6,460379145,489235527.4,512350059.4
GDP (current US$),NY.GDP.MKTP.CD,Trinidad and Tobago,TTO,5068000000,8154338233,25433011405,25763220107,27268478565,27615843098,25062893969,22284780327,22474828527,23808146748,24269714810
GDP (current US$),NY.GDP.MKTP.CD,Tunisia,TUN,12290568182,21473188882,45810626509,45044112939,46251061734,47632326088,43173480832,41801210428,39802430355,39770297329,38796687568
GDP (current US$),NY.GDP.MKTP.CD,Turkey,TUR,1.50676E+11,2.74303E+11,8.38786E+11,8.80556E+11,9.57799E+11,9.38934E+11,8.64314E+11,8.69683E+11,8.58989E+11,7.78382E+11,7.61425E+11
GDP (current US$),NY.GDP.MKTP.CD,Turkmenistan,TKM,3189539641,2904662605,29233333333,35164210526,39197543860,43524210526,35799714286,36180000000,37926285714,40761142857,..
GDP (current US$),NY.GDP.MKTP.CD,Turks and Caicos Islands,TCA,..,..,728789600,727161000,754238000,841070000,942070000,1032452000,1022365000,1113178000,1197415000
GDP (current US$),NY.GDP.MKTP.CD,Tuvalu,TUV,8824447.74,13742057.05,38711810.21,37671774.69,37509075.11,37290607.54,35492074.22,36547799.58,40619251.99,42588164.97,47271463.33
GDP (current US$),NY.GDP.MKTP.CD,Uganda,UGA,4304398866,6193246837,27752712167,27188666947,28791625559,32472363452,32248116584,29078719934,30756466548,32916147253,35165157017
GDP (current US$),NY.GDP.MKTP.CD,Ukraine,UKR,81456918679,31261527363,1.6316E+11,1.75781E+11,1.8331E+11,1.33503E+11,91030959455,93355993629,1.1219E+11,1.30902E+11,1.53781E+11
GDP (current US$),NY.GDP.MKTP.CD,United Arab Emirates,ARE,50701443748,1.04337E+11,3.50666E+11,3.74591E+11,3.90108E+11,4.03137E+11,3.58135E+11,3.57045E+11,3.85606E+11,4.22215E+11,4.21142E+11
GDP (current US$),NY.GDP.MKTP.CD,United Kingdom,GBR,1.09317E+12,1.65782E+12,2.65931E+12,2.70489E+12,2.78602E+12,3.0638E+12,2.92859E+12,2.69428E+12,2.66623E+12,2.86067E+12,2.82911E+12
GDP (current US$),NY.GDP.MKTP.CD,United States,USA,5.96314E+12,1.02523E+13,1.55426E+13,1.6197E+13,1.67848E+13,1.75272E+13,1.82247E+13,1.8715E+13,1.95194E+13,2.05802E+13,2.14332E+13
GDP (current US$),NY.GDP.MKTP.CD,Uruguay,URY,9298839655,22823255803,47962439303,51264390114,57531233351,57236013088,53274304222,52687612262,59530088537,59596885024,56045912953
GDP (current US$),NY.GDP.MKTP.CD,Uzbekistan,UZB,13360607918,13760513969,56516280748,63628854499,68997168338,76658542757,81847410182,81779012351,59159945321,50392607758,57921286440
GDP (current US$),NY.GDP.MKTP.CD,Vanuatu,VUT,168879207.2,272014693.1,792149700.7,781702874.1,801787555.9,814954307,759689950.9,804332795.6,880043553.7,914700508.2,934239973.8
GDP (current US$),NY.GDP.MKTP.CD,"Venezuela, RB",VEN,48598315565,1.17141E+11,3.16482E+11,3.81286E+11,3.71005E+11,4.82359E+11,..,..,..,..,..
GDP (current US$),NY.GDP.MKTP.CD,Vietnam,VNM,6471740806,31172518403,1.35539E+11,1.5582E+11,1.71222E+11,1.86205E+11,1.93241E+11,2.05276E+11,2.2378E+11,2.45214E+11,2.61921E+11
GDP (current US$),NY.GDP.MKTP.CD,Virgin Islands (U.S.),VIR,..,..,4239000000,4095000000,3762000000,3622000000,3748000000,3863000000,3855000000,..,..
GDP (current US$),NY.GDP.MKTP.CD,West Bank and Gaza,PSE,..,4313600000,11186100000,12208400000,13515500000,13989700000,13972400000,15405400000,16128000000,16276600000,..
GDP (current US$),NY.GDP.MKTP.CD,"Yemen, Rep.",YEM,5647119229,9652436180,32726417212,35401341663,40415235702,43206469767,42450620876,30935978724,26736139802,23486270352,22581081994
GDP (current US$),NY.GDP.MKTP.CD,Zambia,ZMB,3285217391,3600683040,23459515276,25503060420,28045553105,27150728124,21243339048,20954754378,25868165345,26312140829,23309773923
GDP (current US$),NY.GDP.MKTP.CD,Zimbabwe,ZWE,8783816700,6689957600,14101920300,17114849900,19091020000,19495519600,19963120600,20548678100,22040902300,24311560500,21440758800
GDP (current US$),NY.GDP.MKTP.CD,Arab World,ARB,4.47403E+11,7.35685E+11,2.49403E+12,2.7735E+12,2.85637E+12,2.89439E+12,2.53472E+12,2.46944E+12,2.51612E+12,2.77138E+12,2.81741E+12
GDP (current US$),NY.GDP.MKTP.CD,Caribbean small states,CSS,18011676248,34198261849,69668274256,72051118642,73417589878,74433668499,72828471571,69191343076,71452564226,74967267520,77721714918
GDP (current US$),NY.GDP.MKTP.CD,Central Europe and the Baltics,CEB,2.62824E+11,4.28026E+11,1.44911E+12,1.35269E+12,1.42219E+12,1.4649E+12,1.29209E+12,1.32063E+12,1.4635E+12,1.64444E+12,1.66885E+12
GDP (current US$),NY.GDP.MKTP.CD,Early-demographic dividend,EAR,1.81932E+12,3.31069E+12,9.61382E+12,1.00816E+13,1.02598E+13,1.06205E+13,1.03116E+13,1.05504E+13,1.13997E+13,1.1646E+13,1.19899E+13
GDP (current US$),NY.GDP.MKTP.CD,East Asia & Pacific,EAS,4.73602E+12,8.29774E+12,1.96874E+13,2.10721E+13,2.13186E+13,2.20022E+13,2.19116E+13,2.26586E+13,2.42227E+13,2.63513E+13,2.69878E+13
GDP (current US$),NY.GDP.MKTP.CD,East Asia & Pacific (excluding high income),EAP,6.6288E+11,1.73775E+12,9.62027E+12,1.07276E+13,1.18356E+13,1.27616E+13,1.32946E+13,1.35758E+13,1.4836E+13,1.65941E+13,1.72148E+13
GDP (current US$),NY.GDP.MKTP.CD,East Asia & Pacific (IDA & IBRD countries),TEA,6.61517E+11,1.73418E+12,9.60174E+12,1.0707E+13,1.18129E+13,1.27372E+13,1.32691E+13,1.35498E+13,1.48077E+13,1.65625E+13,1.71819E+13
GDP (current US$),NY.GDP.MKTP.CD,Euro area,EMU,5.88299E+12,6.4795E+12,1.36232E+13,1.26396E+13,1.31903E+13,1.34906E+13,1.16685E+13,1.19672E+13,1.2671E+13,1.36869E+13,1.33561E+13
GDP (current US$),NY.GDP.MKTP.CD,Europe & Central Asia,ECS,8.85372E+12,1.00322E+13,2.325E+13,2.24125E+13,2.3421E+13,2.37385E+13,2.04503E+13,2.03888E+13,2.16108E+13,2.31457E+13,2.27928E+13
GDP (current US$),NY.GDP.MKTP.CD,Europe & Central Asia (excluding high income),ECA,8.94075E+11,6.62443E+11,3.66026E+12,3.90407E+12,4.13902E+12,3.84176E+12,2.91664E+12,2.77322E+12,3.11481E+12,3.19214E+12,3.24846E+12
GDP (current US$),NY.GDP.MKTP.CD,Europe & Central Asia (IDA & IBRD countries),TEC,1.02072E+12,8.9355E+11,4.43443E+12,4.62981E+12,4.90903E+12,4.64184E+12,3.62171E+12,3.48558E+12,3.9085E+12,4.08239E+12,4.15516E+12
GDP (current US$),NY.GDP.MKTP.CD,European Union,EUU,6.50067E+12,7.25989E+12,1.57442E+13,1.46363E+13,1.52934E+13,1.56326E+13,1.35451E+13,1.38868E+13,1.47584E+13,1.5965E+13,1.56264E+13
GDP (current US$),NY.GDP.MKTP.CD,Fragile and conflict affected situations,FCS,2.59628E+11,4.12071E+11,1.45312E+12,1.67881E+12,1.76371E+12,1.92322E+12,1.72691E+12,1.55071E+12,1.56959E+12,1.69825E+12,1.77846E+12
GDP (current US$),NY.GDP.MKTP.CD,Heavily indebted poor countries (HIPC),HPC,1.3768E+11,1.69208E+11,5.46434E+11,5.80701E+11,6.47872E+11,6.83129E+11,6.76806E+11,6.69729E+11,7.13187E+11,7.59124E+11,7.83062E+11
GDP (current US$),NY.GDP.MKTP.CD,High income,HIC,1.89651E+13,2.76508E+13,4.92117E+13,4.92625E+13,4.98869E+13,5.09869E+13,4.81693E+13,4.91812E+13,5.14683E+13,5.46569E+13,5.51406E+13
GDP (current US$),NY.GDP.MKTP.CD,IBRD only,IBD,3.45805E+12,5.81179E+12,2.3645E+13,2.51408E+13,2.6561E+13,2.74756E+13,2.59501E+13,2.61534E+13,2.88642E+13,3.08077E+13,3.16041E+13
GDP (current US$),NY.GDP.MKTP.CD,IDA & IBRD total,IBT,3.79691E+12,6.2821E+12,2.53078E+13,2.69315E+13,2.85274E+13,2.95783E+13,2.80398E+13,2.8183E+13,3.09649E+13,3.30323E+13,3.39172E+13
GDP (current US$),NY.GDP.MKTP.CD,IDA blend,IDB,1.45135E+11,2.0622E+11,8.04396E+11,8.89579E+11,9.65837E+11,1.0367E+12,9.99758E+11,9.31081E+11,9.22589E+11,9.64268E+11,9.91548E+11
GDP (current US$),NY.GDP.MKTP.CD,IDA only,IDX,1.96272E+11,2.65071E+11,8.53829E+11,8.95131E+11,9.98443E+11,1.06619E+12,1.09534E+12,1.10554E+12,1.1855E+12,1.26882E+12,1.33197E+12
GDP (current US$),NY.GDP.MKTP.CD,IDA total,IDA,3.42196E+11,4.72835E+11,1.66499E+12,1.79408E+12,1.97343E+12,2.11292E+12,2.10231E+12,2.03974E+12,2.10739E+12,2.2311E+12,2.32031E+12
GDP (current US$),NY.GDP.MKTP.CD,Late-demographic dividend,LTE,2.03441E+12,3.40305E+12,1.64588E+13,1.76072E+13,1.89773E+13,1.96985E+13,1.84714E+13,1.85166E+13,2.05474E+13,2.25088E+13,2.29835E+13
GDP (current US$),NY.GDP.MKTP.CD,Latin America & Caribbean,LCN,1.17942E+12,2.29222E+12,6.08746E+12,6.15062E+12,6.30189E+12,6.42525E+12,5.52911E+12,5.39848E+12,5.99543E+12,5.82356E+12,5.73377E+12
GDP (current US$),NY.GDP.MKTP.CD,Latin America & Caribbean (excluding high income),LAC,1.08335E+12,2.08552E+12,5.59226E+12,5.62921E+12,5.75537E+12,5.89106E+12,5.00691E+12,4.86573E+12,5.42541E+12,5.22607E+12,5.1496E+12
GDP (current US$),NY.GDP.MKTP.CD,Latin America & the Caribbean (IDA & IBRD countries),TLA,1.10929E+12,2.17734E+12,5.88556E+12,5.94265E+12,6.08903E+12,6.20788E+12,5.30026E+12,5.16284E+12,5.75525E+12,5.58121E+12,5.48796E+12
GDP (current US$),NY.GDP.MKTP.CD,Least developed countries: UN classification,LDC,1.64016E+11,2.19133E+11,7.78767E+11,8.26383E+11,9.01616E+11,9.74055E+11,9.66459E+11,9.50658E+11,1.03342E+12,1.07344E+12,1.11524E+12
GDP (current US$),NY.GDP.MKTP.CD,Low & middle income,LMY,3.65298E+12,5.9629E+12,2.42575E+13,2.59119E+13,2.74451E+13,2.84833E+13,2.70665E+13,2.72004E+13,2.98698E+13,3.1818E+13,3.27091E+13
GDP (current US$),NY.GDP.MKTP.CD,Low income,LIC,1.09177E+11,1.34081E+11,4.27683E+11,4.49652E+11,4.92864E+11,5.27424E+11,5.33735E+11,4.88937E+11,5.03284E+11,5.18429E+11,5.41512E+11
GDP (current US$),NY.GDP.MKTP.CD,Lower middle income,LMC,8.71394E+11,1.21987E+12,4.42289E+12,4.66807E+12,4.91804E+12,5.22622E+12,5.18227E+12,5.36098E+12,5.76876E+12,6.00731E+12,6.33493E+12
GDP (current US$),NY.GDP.MKTP.CD,Middle East & North Africa,MEA,5.50964E+11,9.66794E+11,3.28052E+12,3.57638E+12,3.54873E+12,3.56988E+12,3.14396E+12,3.15552E+12,3.27261E+12,3.56614E+12,3.64961E+12
GDP (current US$),NY.GDP.MKTP.CD,Middle East & North Africa (excluding high income),MNA,..,4.51664E+11,1.56692E+12,1.72964E+12,1.61924E+12,1.5994E+12,1.44021E+12,1.45999E+12,1.43655E+12,1.52042E+12,..
GDP (current US$),NY.GDP.MKTP.CD,Middle East & North Africa (IDA & IBRD countries),TMN,..,4.4731E+11,1.5557E+12,1.71741E+12,1.6056E+12,1.58527E+12,1.42604E+12,1.44432E+12,1.42012E+12,1.50387E+12,..
GDP (current US$),NY.GDP.MKTP.CD,Middle income,MIC,3.5494E+12,5.83222E+12,2.38257E+13,2.54563E+13,2.69494E+13,2.79562E+13,2.65392E+13,2.67079E+13,2.93555E+13,3.1284E+13,3.21533E+13
GDP (current US$),NY.GDP.MKTP.CD,North America,NAC,6.55867E+12,1.09981E+13,1.73375E+13,1.80321E+13,1.86385E+13,1.93371E+13,1.97875E+13,2.02501E+13,2.11764E+13,2.23036E+13,2.31771E+13
GDP (current US$),NY.GDP.MKTP.CD,Not classified,INX,..,..,..,..,..,..,..,..,..,..,..
GDP (current US$),NY.GDP.MKTP.CD,OECD members,OED,1.87726E+13,2.75023E+13,4.8451E+13,4.84244E+13,4.90786E+13,5.01118E+13,4.72865E+13,4.8179E+13,5.03202E+13,5.32016E+13,5.36994E+13
GDP (current US$),NY.GDP.MKTP.CD,Other small states,OSS,54720419608,91292277740,3.96955E+11,4.14385E+11,4.32375E+11,4.46839E+11,3.70774E+11,3.66401E+11,3.98893E+11,4.42418E+11,4.32093E+11
GDP (current US$),NY.GDP.MKTP.CD,Pacific island small states,PSS,2343530367,3460016615,7737574651,8223336840,8544448804,9271534114,9049548346,9475857773,10212875641,10667782838,10634784073
GDP (current US$),NY.GDP.MKTP.CD,Post-demographic dividend,PST,1.83697E+13,2.62835E+13,4.56635E+13,4.56217E+13,4.60823E+13,4.70336E+13,4.45185E+13,4.55005E+13,4.74703E+13,5.02821E+13,5.07699E+13
GDP (current US$),NY.GDP.MKTP.CD,Pre-demographic dividend,PRE,1.97908E+11,2.43904E+11,1.18159E+12,1.30187E+12,1.42811E+12,1.50769E+12,1.34047E+12,1.21812E+12,1.2671E+12,1.33875E+12,1.40379E+12
GDP (current US$),NY.GDP.MKTP.CD,Small states,SST,74985438895,1.2894E+11,4.74361E+11,4.94659E+11,5.14337E+11,5.30544E+11,4.52652E+11,4.45069E+11,4.80559E+11,5.28053E+11,5.20457E+11
GDP (current US$),NY.GDP.MKTP.CD,South Asia,SAS,4.072E+11,6.30429E+11,2.27184E+12,2.29733E+12,2.35713E+12,2.58182E+12,2.69726E+12,2.92301E+12,3.34572E+12,3.44547E+12,3.59184E+12
GDP (current US$),NY.GDP.MKTP.CD,South Asia (IDA & IBRD),TSA,4.072E+11,6.30429E+11,2.27184E+12,2.29733E+12,2.35713E+12,2.58182E+12,2.69726E+12,2.92301E+12,3.34572E+12,3.44547E+12,3.59184E+12
GDP (current US$),NY.GDP.MKTP.CD,Sub-Saharan Africa,SSF,3.40127E+11,4.00343E+11,1.55395E+12,1.63511E+12,1.74208E+12,1.80874E+12,1.66191E+12,1.54037E+12,1.64178E+12,1.72116E+12,1.76694E+12
GDP (current US$),NY.GDP.MKTP.CD,Sub-Saharan Africa (excluding high income),SSA,3.37112E+11,3.95043E+11,1.54136E+12,1.62238E+12,1.72863E+12,1.7946E+12,1.64885E+12,1.5267E+12,1.62699E+12,1.70538E+12,1.75118E+12
GDP (current US$),NY.GDP.MKTP.CD,Sub-Saharan Africa (IDA & IBRD countries),TSS,3.40127E+11,4.00343E+11,1.55395E+12,1.63511E+12,1.74208E+12,1.80874E+12,1.66191E+12,1.54037E+12,1.64178E+12,1.72116E+12,1.76694E+12
GDP (current US$),NY.GDP.MKTP.CD,Upper middle income,UMC,2.6757E+12,4.61256E+12,1.94028E+13,2.07883E+13,2.20314E+13,2.273E+13,2.13522E+13,2.13389E+13,2.35807E+13,2.52733E+13,2.58078E+13
GDP (current US$),NY.GDP.MKTP.CD,World,WLD,2.26267E+13,3.36236E+13,7.34603E+13,7.51618E+13,7.73163E+13,7.94533E+13,7.52177E+13,7.6369E+13,8.1306E+13,8.64394E+13,8.77985E+13
